"ID","ICON"
"A0000",CellImage
"A0001",CellImage
"A0002",CellImage
"A0003",CellImage
"A0004",CellImage
"A0005",CellImage
"A0006",CellImage
"A0007",CellImage
"A0008",CellImage
"A0009",CellImage
"A0010",CellImage
"A0011",CellImage
"A0012",CellImage
"A0013",CellImage
"A0014",CellImage
"A0015",CellImage
"A0016",CellImage
"A0017",CellImage
"A0018",CellImage
"A0019",CellImage
"A0020",CellImage
"A0021",CellImage
"A0022",CellImage
"A0023",CellImage
"A0024",CellImage
"A0025",CellImage
"A0026",CellImage
"A0027",CellImage
"A0028",CellImage
"A0029",CellImage
"A0030",CellImage
"A0031",CellImage
"A0032",CellImage
"A0033",CellImage
"A0034",CellImage
"A0035",CellImage
"A0036",CellImage
"A0037",CellImage
"A0038",CellImage
"A0039",CellImage
"A0040",CellImage
"A0041",CellImage
"A0042",CellImage
"A0043",CellImage
"A0044",CellImage
"A0045",CellImage
"A0046",CellImage
"A0047",CellImage
"A0048",CellImage
"A0049",CellImage
"A0050",CellImage
"A0051",CellImage
"A0052",CellImage
"A0053",CellImage
"A0054",CellImage
"A0055",CellImage
"A0056",CellImage
"A0057",CellImage
"A0058",CellImage
"A0059",CellImage
"A0060",CellImage
"A0061",CellImage
"A0062",CellImage
"A0063",CellImage
"A0064",CellImage
"A0065",CellImage
"A0066",CellImage
"A0067",CellImage
"A0068",CellImage
"A0069",CellImage
"A0070",CellImage
"A0071",CellImage
"A0072",CellImage
"A0073",CellImage
"A0074",CellImage
"A0075",CellImage
"A0076",CellImage
"A0077",CellImage
"A0078",CellImage
"A0079",CellImage
"A0080",CellImage
"A0081",CellImage
"A0082",CellImage
"A0083",CellImage
"A0084",CellImage
"A0085",CellImage
"A0086",CellImage
"A0087",CellImage